,flowTime,frequency
0,0.0,0.0
1,0.5,0.4533326131576105
2,1.0,0.2677973425515826
3,1.5,0.17829750459112023
4,2.0,0.05871232580749703
5,2.5,0.025980339202765476
6,3.0,0.007399805552554824
7,3.5,0.004915199308631306
8,4.0,0.00237657988549206
9,4.5,0.0007021713298044723
10,5.0,0.00037809225451010045
11,5.5,0.00010802635843145727
12,6.0,0.0
13,6.5,0.0
