,flowTime,frequency
0,0.0,0.0
1,0.5,0.2520301108410883
2,1.0,0.18013158674648805
3,1.5,0.20200343785193528
4,2.0,0.1555924367257424
5,2.5,0.13075692015885246
6,3.0,0.0529903384505957
7,3.5,0.014877600616442416
8,4.0,0.0056309643767411535
9,4.5,0.00237093236915417
10,5.0,0.0013632861122636476
11,5.5,0.000948372947661668
12,6.0,0.0006520064015173967
13,6.5,0.0003556398553731255
14,7.0,0.00029636654614427125
15,7.5,0.0
