,flowTime,frequency
0,0.0,0.0
1,0.5,0.47778136085133827
2,1.0,0.17426636568848758
3,1.5,0.18980973879393745
4,2.0,0.09932279909706546
5,2.5,0.0345694937117059
6,3.0,0.01180264430828765
7,3.5,0.005224121251209288
8,4.0,0.0038052241212512094
9,4.5,0.001547887778136085
10,5.0,0.0008384392131570461
11,5.5,0.00038697194453402126
12,6.0,0.00038697194453402126
13,6.5,0.0001289906481780071
14,7.0,0.0
15,7.5,0.0001289906481780071
16,8.0,0.0
17,8.5,0.0
