,flowTime,frequency
0,0.0,0.0
1,0.5,0.19052998211428032
2,1.0,0.23223194954344348
3,1.5,0.22874894097712511
4,2.0,0.18968276381436505
5,2.5,0.09347641909065235
6,3.0,0.037560011296244
7,3.5,0.014779252565188741
8,4.0,0.0068718817659794785
9,4.5,0.0032947378330038597
10,5.0,0.0012237597665442908
11,5.5,0.0008472182999152782
12,6.0,0.0002824060999717594
13,6.5,0.0004706768332862656
14,7.0,0.0
15,7.5,0.0
