,flowTime,frequency
0,0.0,0.0
1,0.5,0.19095022624434388
2,1.0,0.6384615384615384
3,1.5,0.16334841628959276
4,2.0,0.006334841628959276
5,2.5,0.0009049773755656109
6,3.0,0.0
7,3.5,0.0
