,flowTime,frequency
0,0.0,0.0
1,0.5,0.5549245916147351
2,1.0,0.2955861204321693
3,1.5,0.09122755263837162
4,2.0,0.03528891183303219
5,2.5,0.012758582543604116
6,3.0,0.004719938050813083
7,3.5,0.002138721929274678
8,4.0,0.0016962277370109516
9,4.5,0.0007374903204395442
10,5.0,0.0005162432243076809
11,5.5,0.00022124709613186326
12,6.0,0.00011062354806593163
13,6.5,7.374903204395442e-05
14,7.0,0.0
15,7.5,0.0
