,flowTime,frequency
0,0.0,0.0
1,0.5,0.11132580261593342
2,1.0,0.28478002378121287
3,1.5,0.23647443519619502
4,2.0,0.18296670630202141
5,2.5,0.10344827586206896
6,3.0,0.056926278240190246
7,3.5,0.015309155766944114
8,4.0,0.0044589774078478
9,4.5,0.0017835909631391202
10,5.0,0.0011890606420927466
11,5.5,0.00014863258026159333
12,6.0,0.00029726516052318666
13,6.5,0.00029726516052318666
14,7.0,0.0005945303210463733
15,7.5,0.0
