,flowTime,frequency
0,0.0,0.0
1,0.5,0.13292744799594114
2,1.0,0.2207001522070015
3,1.5,0.2633181126331811
4,2.0,0.2024353120243531
5,2.5,0.11060375443937087
6,3.0,0.038559107052257735
7,3.5,0.014205986808726534
8,4.0,0.010147133434804667
9,4.5,0.0035514967021816335
10,5.0,0.0010147133434804667
11,5.5,0.0015220700152207
12,6.0,0.0005073566717402334
13,6.5,0.0005073566717402334
14,7.0,0.0
15,7.5,0.0
