,flowTime,frequency
0,0.0,0.0
1,0.5,0.250414397347857
2,1.0,0.3499881600757755
3,1.5,0.209448259531139
4,2.0,0.09554818849159365
5,2.5,0.04499171205304286
6,3.0,0.02486384087141842
7,3.5,0.010655931802036467
8,4.0,0.007103954534690978
9,4.5,0.004025574236324887
10,5.0,0.0020127871181624436
11,5.5,0.0007103954534690978
12,6.0,0.00023679848448969926
13,6.5,0.0
