,flowTime,frequency
0,0.0,0.0
1,0.5,0.0846774193548387
2,1.0,0.32741935483870965
3,1.5,0.2994623655913978
4,2.0,0.18037634408602152
5,2.5,0.06935483870967742
6,3.0,0.021774193548387097
7,3.5,0.008064516129032258
8,4.0,0.004301075268817204
9,4.5,0.001075268817204301
10,5.0,0.0013440860215053765
11,5.5,0.001075268817204301
12,6.0,0.00026881720430107527
13,6.5,0.00026881720430107527
14,7.0,0.0
15,7.5,0.00026881720430107527
16,8.0,0.00026881720430107527
17,8.5,0.0
