,flowTime,frequency
0,0.0,0.0
1,0.5,0.12038695807954139
2,1.0,0.42637047653170906
3,1.5,0.3683267646005016
4,2.0,0.06091006807595844
5,2.5,0.013256897169473307
6,3.0,0.005016123253314225
7,3.5,0.002149767108563239
8,4.0,0.0017914725904693658
9,4.5,0.0017914725904693658
10,5.0,0.0
11,5.5,0.0
