,flowTime,frequency
0,0.0,0.0
1,0.5,0.1383960255500355
2,1.0,0.45138396025550037
3,1.5,0.2966643009226402
4,2.0,0.063875088715401
5,2.5,0.0361958836053939
6,3.0,0.0035486160397444995
7,3.5,0.0028388928317956
8,4.0,0.0028388928317956
9,4.5,0.0007097232079489
10,5.0,0.0
11,5.5,0.0014194464158978
12,6.0,0.0007097232079489
13,6.5,0.0014194464158978
14,7.0,0.0
15,7.5,0.0
