,flowTime,frequency
0,0.0,0.0
1,0.5,0.1610273134936812
2,1.0,0.2694659600489197
3,1.5,0.19445576844679985
4,2.0,0.15654300856094577
5,2.5,0.10069302894415003
6,3.0,0.07174887892376682
7,3.5,0.03220546269873624
8,4.0,0.006930289441500204
9,4.5,0.003261312678353037
10,5.0,0.0024459845087647777
11,5.5,0.00040766408479412964
12,6.0,0.0008153281695882593
13,6.5,0.0
