,flowTime,frequency
0,0.0,0.0
1,0.5,0.10989785135611131
2,1.0,0.11482916519901373
3,1.5,0.23247622402254314
4,2.0,0.2634730538922156
5,2.5,0.18140190207819654
6,3.0,0.0528355054596689
7,3.5,0.02500880591757661
8,4.0,0.0063402606551602675
9,4.5,0.009510390982740402
10,5.0,0.0031701303275801338
11,5.5,0.0007044734061289186
12,6.0,0.0003522367030644593
13,6.5,0.0
