,flowTime,frequency
0,0.0,0.0
1,0.5,0.0736457699330493
2,1.0,0.23189287888009738
3,1.5,0.2945830797321972
4,2.0,0.21485088253195375
5,2.5,0.147900182592818
6,3.0,0.020693852708460133
7,3.5,0.006695069993913573
8,4.0,0.007303712720632989
9,4.5,0.0012172854534388314
10,5.0,0.0006086427267194157
11,5.5,0.0006086427267194157
12,6.0,0.0
13,6.5,0.0
