,flowTime,frequency
0,0.0,0.0
1,0.5,0.1282602850228556
2,1.0,0.2013982253293896
3,1.5,0.20489378865286367
4,2.0,0.27346060769023933
5,2.5,0.102984673299274
6,3.0,0.04732454961011025
7,3.5,0.018015595590212423
8,4.0,0.010755579456843238
9,4.5,0.004302231782737295
10,5.0,0.0034955633234740524
11,5.5,0.0018822264049475664
12,6.0,0.0010755579456843238
13,6.5,0.0010755579456843238
14,7.0,0.00026888948642108095
15,7.5,0.0008066684592632429
16,8.0,0.0
17,8.5,0.0
